--
-- PostgreSQL database dump
--

\restrict vctLrsZdF3DjKsF1pzO0nnXt1YNgZo2PWm8qA8HhATgiSifnAvUljE9eTdPhwnK

-- Dumped from database version 14.20 (Homebrew)
-- Dumped by pg_dump version 14.20 (Homebrew)

SET statement_timeout = 0;
SET lock_timeout = 0;
SET idle_in_transaction_session_timeout = 0;
SET client_encoding = 'UTF8';
SET standard_conforming_strings = on;
SELECT pg_catalog.set_config('search_path', '', false);
SET check_function_bodies = false;
SET xmloption = content;
SET client_min_messages = warning;
SET row_security = off;

SET default_tablespace = '';

SET default_table_access_method = heap;

--
-- Name: cities; Type: TABLE; Schema: public; Owner: elif
--

CREATE TABLE public.cities (
    id bigint NOT NULL,
    country character varying(255) NOT NULL,
    description character varying(255),
    image_url character varying(255),
    name character varying(255) NOT NULL
);


ALTER TABLE public.cities OWNER TO elif;

--
-- Name: cities_id_seq; Type: SEQUENCE; Schema: public; Owner: elif
--

ALTER TABLE public.cities ALTER COLUMN id ADD GENERATED BY DEFAULT AS IDENTITY (
    SEQUENCE NAME public.cities_id_seq
    START WITH 1
    INCREMENT BY 1
    NO MINVALUE
    NO MAXVALUE
    CACHE 1
);


--
-- Name: places; Type: TABLE; Schema: public; Owner: elif
--

CREATE TABLE public.places (
    rating double precision NOT NULL,
    visit_duration integer,
    city_id bigint NOT NULL,
    id bigint NOT NULL,
    address character varying(255),
    category character varying(255) NOT NULL,
    closing_time character varying(255),
    description character varying(255),
    image_url character varying(255),
    name character varying(255) NOT NULL,
    opening_time character varying(255)
);


ALTER TABLE public.places OWNER TO elif;

--
-- Name: places_id_seq; Type: SEQUENCE; Schema: public; Owner: elif
--

ALTER TABLE public.places ALTER COLUMN id ADD GENERATED BY DEFAULT AS IDENTITY (
    SEQUENCE NAME public.places_id_seq
    START WITH 1
    INCREMENT BY 1
    NO MINVALUE
    NO MAXVALUE
    CACHE 1
);


--
-- Name: plan_items; Type: TABLE; Schema: public; Owner: elif
--

CREATE TABLE public.plan_items (
    day integer NOT NULL,
    order_index integer,
    id bigint NOT NULL,
    place_id bigint NOT NULL,
    travel_plan_id bigint NOT NULL,
    end_time character varying(255),
    start_time character varying(255)
);


ALTER TABLE public.plan_items OWNER TO elif;

--
-- Name: plan_items_id_seq; Type: SEQUENCE; Schema: public; Owner: elif
--

ALTER TABLE public.plan_items ALTER COLUMN id ADD GENERATED BY DEFAULT AS IDENTITY (
    SEQUENCE NAME public.plan_items_id_seq
    START WITH 1
    INCREMENT BY 1
    NO MINVALUE
    NO MAXVALUE
    CACHE 1
);


--
-- Name: reviews; Type: TABLE; Schema: public; Owner: elif
--

CREATE TABLE public.reviews (
    rating integer NOT NULL,
    created_at timestamp(6) without time zone,
    id bigint NOT NULL,
    place_id bigint NOT NULL,
    user_id bigint NOT NULL,
    comment character varying(1000)
);


ALTER TABLE public.reviews OWNER TO elif;

--
-- Name: reviews_id_seq; Type: SEQUENCE; Schema: public; Owner: elif
--

ALTER TABLE public.reviews ALTER COLUMN id ADD GENERATED BY DEFAULT AS IDENTITY (
    SEQUENCE NAME public.reviews_id_seq
    START WITH 1
    INCREMENT BY 1
    NO MINVALUE
    NO MAXVALUE
    CACHE 1
);


--
-- Name: travel_plans; Type: TABLE; Schema: public; Owner: elif
--

CREATE TABLE public.travel_plans (
    duration integer NOT NULL,
    start_date date,
    city_id bigint NOT NULL,
    created_at timestamp(6) without time zone,
    id bigint NOT NULL,
    user_id bigint,
    preferences character varying(255)
);


ALTER TABLE public.travel_plans OWNER TO elif;

--
-- Name: travel_plans_id_seq; Type: SEQUENCE; Schema: public; Owner: elif
--

ALTER TABLE public.travel_plans ALTER COLUMN id ADD GENERATED BY DEFAULT AS IDENTITY (
    SEQUENCE NAME public.travel_plans_id_seq
    START WITH 1
    INCREMENT BY 1
    NO MINVALUE
    NO MAXVALUE
    CACHE 1
);


--
-- Name: users; Type: TABLE; Schema: public; Owner: elif
--

CREATE TABLE public.users (
    created_at timestamp(6) without time zone,
    id bigint NOT NULL,
    email character varying(255) NOT NULL,
    name character varying(255) NOT NULL,
    password character varying(255) NOT NULL
);


ALTER TABLE public.users OWNER TO elif;

--
-- Name: users_id_seq; Type: SEQUENCE; Schema: public; Owner: elif
--

ALTER TABLE public.users ALTER COLUMN id ADD GENERATED BY DEFAULT AS IDENTITY (
    SEQUENCE NAME public.users_id_seq
    START WITH 1
    INCREMENT BY 1
    NO MINVALUE
    NO MAXVALUE
    CACHE 1
);


--
-- Data for Name: cities; Type: TABLE DATA; Schema: public; Owner: elif
--

COPY public.cities (id, country, description, image_url, name) FROM stdin;
1	Türkiye	Turizmin başkenti.	\N	Antalya
2	Türkiye	Tarih ve kültür mozaiği.	\N	İstanbul
3	Türkiye	Ege'nin incisi.	\N	İzmir
4	Türkiye	Peri bacaları diyarı.	\N	Kapadokya
5	Fransa	Aşıklar şehri.	\N	Paris
\.


--
-- Data for Name: places; Type: TABLE DATA; Schema: public; Owner: elif
--

COPY public.places (rating, visit_duration, city_id, id, address, category, closing_time, description, image_url, name, opening_time) FROM stdin;
4.8	120	1	1	\N	Tarih	\N	Eski şehir merkezi.	\N	Kaleiçi	\N
4.7	60	1	2	\N	Doğa	\N	Denize dökülen şelale.	\N	Düden Şelalesi	\N
4.6	180	1	3	\N	Plaj	\N	Ünlü sahil şeridi.	\N	Konyaaltı Plajı	\N
4.9	90	1	4	\N	Müze	\N	Roma dönemi eserleri.	\N	Antalya Müzesi	\N
4.9	120	1	5	\N	Tarih	\N	En iyi korunan antik tiyatro.	\N	Aspendos Tiyatrosu	\N
4.7	120	1	6	\N	Tarih	\N	Stadyum ve sütunlu cadde.	\N	Perge Antik Kenti	\N
4.5	180	1	7	\N	Plaj	\N	Kumsal ve lüks oteller.	\N	Lara Plajı	\N
4.4	90	1	8	\N	Doğa	\N	Tabiat parkı.	\N	Kurşunlu Şelalesi	\N
4.8	150	1	9	\N	Doğa	\N	Teleferik ile zirveye çıkış.	\N	Tahtalı Dağı	\N
4.7	240	1	10	\N	Eğlence	\N	Tema parkı.	\N	Land of Legends	\N
5	90	2	11	\N	Tarih	\N	Dünya mimarlık tarihi incisi.	\N	Ayasofya	\N
4.9	150	2	12	\N	Tarih	\N	Osmanlı sultanlarının sarayı.	\N	Topkapı Sarayı	\N
4.8	60	2	13	\N	Tarih	\N	Mavi çinileriyle ünlü cami.	\N	Sultanahmet Camii	\N
4.6	120	2	14	\N	Alışveriş	\N	Tarihi alışveriş merkezi.	\N	Kapalıçarşı	\N
4.7	60	2	15	\N	Manzara	\N	Panoramik İstanbul manzarası.	\N	Galata Kulesi	\N
4.8	45	2	16	\N	Tarih	\N	Büyüleyici su sarnıcı.	\N	Yerebatan Sarnıcı	\N
4.9	120	2	17	\N	Tarih	\N	Geç Osmanlı dönemi sarayı.	\N	Dolmabahçe Sarayı	\N
4.8	120	2	18	\N	Gezi	\N	İstanbul Boğazı tekne turu.	\N	Boğaz Turu	\N
4.5	90	2	19	\N	Manzara	\N	Haliç manzaralı tepede çay keyfi.	\N	Pierre Loti Tepesi	\N
4.4	120	2	20	\N	Gezi	\N	Taksim'in simgesi.	\N	İstiklal Caddesi	\N
4.7	30	3	21	\N	Tarih	\N	İzmir'in simgesi.	\N	Saat Kulesi	\N
4.6	120	3	22	\N	Alışveriş	\N	Tarihi çarşı.	\N	Kemeraltı Çarşısı	\N
5	180	3	23	\N	Tarih	\N	Dünya mirası antik kent.	\N	Efes Antik Kenti	\N
4.8	90	3	24	\N	Gezi	\N	Deniz kenarı yürüyüş yolu.	\N	Kordon Boyu	\N
4.7	60	3	25	\N	Manzara	\N	Tarihi asansör ve manzara.	\N	Asansör	\N
4.6	150	3	26	\N	Gezi	\N	Tarihi Rum evleri ve şarap.	\N	Şirince Köyü	\N
4.5	60	3	27	\N	Tarih	\N	Osmanlı kalesi ve müze.	\N	Çeşme Kalesi	\N
4.7	120	3	28	\N	Gezi	\N	Taş evler ve rüzgar sörfü.	\N	Alaçatı Sokakları	\N
4.4	60	3	29	\N	Tarih	\N	Antik çarşı.	\N	Agora Ören Yeri	\N
5	120	4	30	\N	Tarih	\N	Kaya kiliseleri.	\N	Göreme Açık Hava Müzesi	\N
4.8	60	4	31	\N	Manzara	\N	En yüksek peri bacası.	\N	Uçhisar Kalesi	\N
4.9	180	4	32	\N	Doğa	\N	Kanyon yürüyüşü.	\N	Ihlara Vadisi	\N
4.7	90	4	33	\N	Tarih	\N	Derin yeraltı şehri.	\N	Derinkuyu Yeraltı Şehri	\N
5	180	4	34	\N	Eğlence	\N	Gün doğumu balon keyfi.	\N	Balon Turu	\N
4.9	120	5	35	\N	Manzara	\N	Paris'in simgesi.	\N	Eyfel Kulesi	\N
4.9	240	5	36	\N	Müze	\N	Mona Lisa'nın evi.	\N	Louvre Müzesi	\N
4.7	60	5	37	\N	Tarih	\N	Gotik katedral.	\N	Notre Dame	\N
4.6	120	5	38	\N	Alışveriş	\N	Ünlü alışveriş caddesi.	\N	Şanzelize Caddesi	\N
4.7	60	5	39	\N	Tarih	\N	Napolyon'un zafer anıtı.	\N	Zafer Takı	\N
4.8	120	5	40	\N	Gezi	\N	Ressamlar tepesi.	\N	Montmartre	\N
4.7	60	5	41	\N	Tarih	\N	Beyaz kilise.	\N	Sacré-Cœur Bazilikası	\N
4.8	90	5	42	\N	Gezi	\N	Nehirde tekne gezisi.	\N	Sen Nehri Turu	\N
4.8	120	5	43	\N	Müze	\N	Empresyonist sanat.	\N	Orsay Müzesi	\N
4.6	60	5	44	\N	Doğa	\N	Şehir parkı.	\N	Lüksemburg Bahçesi	\N
\.


--
-- Data for Name: plan_items; Type: TABLE DATA; Schema: public; Owner: elif
--

COPY public.plan_items (day, order_index, id, place_id, travel_plan_id, end_time, start_time) FROM stdin;
1	1	1	34	1	12:00	09:00
1	2	2	32	1	16:00	13:00
1	3	3	30	1	19:00	17:00
2	1	4	31	1	10:00	09:00
2	2	5	33	1	12:00	11:00
1	1	6	13	2	10:00	09:00
1	2	7	12	2	13:00	11:00
1	3	8	14	2	16:00	14:00
2	1	9	11	2	10:00	09:00
2	2	10	20	2	13:00	11:00
2	3	11	17	2	16:00	14:00
3	1	12	16	2	10:00	09:00
3	2	13	18	2	13:00	11:00
3	3	14	15	2	15:00	14:00
1	1	15	1	3	11:00	09:00
1	2	16	4	3	13:00	12:00
1	3	17	10	3	18:00	14:00
2	1	18	5	3	11:00	09:00
2	2	19	3	3	15:00	12:00
2	3	20	7	3	19:00	16:00
3	1	21	8	3	10:00	09:00
3	2	22	2	3	12:00	11:00
3	3	23	6	3	15:00	13:00
1	1	24	43	4	11:00	09:00
1	2	25	38	4	14:00	12:00
1	3	26	44	4	16:00	15:00
2	1	27	35	4	11:00	09:00
2	2	28	42	4	13:00	12:00
2	3	29	40	4	16:00	14:00
3	1	30	39	4	10:00	09:00
3	2	31	36	4	15:00	11:00
3	3	32	37	4	17:00	16:00
1	1	33	22	5	11:00	09:00
1	2	34	21	5	13:00	12:00
1	3	35	29	5	15:00	14:00
2	1	36	28	5	11:00	09:00
2	2	37	25	5	13:00	12:00
2	3	38	27	5	15:00	14:00
3	1	39	23	5	12:00	09:00
3	2	40	24	5	14:00	13:00
3	3	41	26	5	17:00	15:00
1	1	42	17	6	11:00	09:00
1	2	43	18	6	14:00	12:00
1	3	44	19	6	16:00	15:00
2	1	45	16	6	10:00	09:00
2	2	46	20	6	13:00	11:00
2	3	47	14	6	16:00	14:00
1	1	48	29	7	10:00	09:00
1	2	49	26	7	13:00	11:00
1	3	50	24	7	15:00	14:00
2	1	51	25	7	10:00	09:00
2	2	52	22	7	13:00	11:00
2	3	53	23	7	17:00	14:00
1	1	54	31	8	10:00	09:00
1	2	55	30	8	13:00	11:00
1	3	56	32	8	17:00	14:00
2	1	57	34	8	12:00	09:00
2	2	58	33	8	14:00	13:00
1	1	59	3	9	12:00	09:00
1	2	60	5	9	15:00	13:00
1	3	61	2	9	17:00	16:00
1	1	62	5	10	11:00	09:00
1	2	63	8	10	13:00	12:00
1	3	64	9	10	16:00	14:00
2	1	65	1	10	11:00	09:00
2	2	66	2	10	13:00	12:00
2	3	67	3	10	17:00	14:00
1	1	68	18	11	11:00	09:00
1	2	69	17	11	14:00	12:00
1	3	70	11	11	16:00	15:00
2	1	71	16	11	10:00	09:00
2	2	72	20	11	13:00	11:00
2	3	73	12	11	16:00	14:00
3	1	74	15	11	10:00	09:00
3	2	75	19	11	12:00	11:00
3	3	76	14	11	15:00	13:00
1	1	77	30	12	11:00	09:00
1	2	78	34	12	15:00	12:00
1	3	79	31	12	17:00	16:00
2	1	80	33	12	10:00	09:00
2	2	81	32	12	14:00	11:00
1	1	82	4	13	10:00	09:00
1	2	83	5	13	13:00	11:00
1	3	84	3	13	17:00	14:00
2	1	85	8	13	10:00	09:00
2	2	86	2	13	12:00	11:00
2	3	87	10	13	17:00	13:00
1	1	88	8	14	10:00	09:00
1	2	89	2	14	12:00	11:00
1	3	90	9	14	15:00	13:00
2	1	91	6	14	11:00	09:00
2	2	92	4	14	13:00	12:00
2	3	93	1	14	16:00	14:00
3	1	94	5	14	11:00	09:00
3	2	95	7	14	15:00	12:00
3	3	96	10	14	20:00	16:00
1	1	97	14	15	11:00	09:00
1	2	98	18	15	14:00	12:00
1	3	99	16	15	16:00	15:00
2	1	100	15	15	10:00	09:00
2	2	101	13	15	12:00	11:00
2	3	102	19	15	14:00	13:00
3	1	103	12	15	11:00	09:00
3	2	104	20	15	14:00	12:00
3	3	105	11	15	16:00	15:00
1	1	106	18	16	11:00	09:00
1	2	107	13	16	13:00	12:00
1	3	108	19	16	15:00	14:00
2	1	109	15	16	10:00	09:00
2	2	110	12	16	13:00	11:00
2	3	111	16	16	15:00	14:00
1	1	112	13	17	10:00	09:00
1	2	113	17	17	13:00	11:00
1	3	114	16	17	15:00	14:00
2	1	115	11	17	10:00	09:00
2	2	116	12	17	13:00	11:00
2	3	117	15	17	15:00	14:00
1	1	118	33	18	10:00	09:00
1	2	119	34	18	14:00	11:00
1	3	120	30	18	17:00	15:00
2	1	121	32	18	12:00	09:00
2	2	122	31	18	14:00	13:00
1	1	123	28	19	11:00	09:00
1	2	124	26	19	14:00	12:00
1	3	125	21	19	16:00	15:00
2	1	126	25	19	10:00	09:00
2	2	127	23	19	14:00	11:00
2	3	128	24	19	16:00	15:00
1	1	129	29	20	10:00	09:00
1	2	130	21	20	12:00	11:00
1	3	131	22	20	15:00	13:00
2	1	132	28	20	11:00	09:00
2	2	133	25	20	13:00	12:00
2	3	134	24	20	15:00	14:00
1	1	135	26	21	11:00	09:00
1	2	136	29	21	13:00	12:00
1	3	137	25	21	15:00	14:00
2	1	138	23	21	12:00	09:00
2	2	139	24	21	14:00	13:00
2	3	140	21	21	16:00	15:00
1	1	141	35	22	11:00	09:00
1	2	142	41	22	13:00	12:00
1	3	143	43	22	16:00	14:00
2	1	144	39	22	10:00	09:00
2	2	145	37	22	12:00	11:00
2	3	146	44	22	14:00	13:00
3	1	147	42	22	10:00	09:00
3	2	148	36	22	15:00	11:00
3	3	149	40	22	18:00	16:00
1	1	150	15	23	10:00	09:00
1	2	151	20	23	13:00	11:00
1	3	152	19	23	15:00	14:00
2	1	153	17	23	11:00	09:00
2	2	154	12	23	14:00	12:00
2	3	155	14	23	17:00	15:00
1	1	156	40	24	11:00	09:00
1	2	157	38	24	14:00	12:00
1	3	158	43	24	17:00	15:00
2	1	159	36	24	13:00	09:00
2	2	160	35	24	16:00	14:00
2	3	161	41	24	18:00	17:00
3	1	162	42	24	10:00	09:00
3	2	163	37	24	12:00	11:00
3	3	164	44	24	14:00	13:00
1	1	165	36	25	13:00	09:00
1	2	166	43	25	16:00	14:00
1	3	167	40	25	19:00	17:00
\.


--
-- Data for Name: reviews; Type: TABLE DATA; Schema: public; Owner: elif
--

COPY public.reviews (rating, created_at, id, place_id, user_id, comment) FROM stdin;
\.


--
-- Data for Name: travel_plans; Type: TABLE DATA; Schema: public; Owner: elif
--

COPY public.travel_plans (duration, start_date, city_id, created_at, id, user_id, preferences) FROM stdin;
2	2025-11-24	4	2025-11-23 23:33:56.88254	1	1	general
3	2025-11-24	2	2025-11-23 23:34:24.161965	2	1	general
3	2025-11-24	1	2025-11-23 23:34:34.007282	3	1	general
3	2025-11-24	5	2025-11-23 23:34:47.872485	4	1	general
3	2025-11-24	3	2025-11-23 23:34:52.533552	5	1	general
2	2025-11-24	2	2025-11-23 23:35:06.606823	6	1	general
2	2025-11-24	3	2025-11-23 23:39:48.222411	7	1	general
3	2025-11-24	4	2025-11-23 23:40:02.993962	8	1	general
1	2025-11-24	1	2025-11-23 23:40:14.155997	9	1	general
2	2025-11-24	1	2025-11-23 23:40:20.004667	10	1	general
3	2025-11-24	2	2025-11-23 23:49:02.416285	11	1	general
3	2025-11-24	4	2025-11-23 23:49:12.656117	12	1	general
2	2025-11-24	1	2025-11-23 23:49:22.856517	13	1	general
3	2025-11-24	1	2025-11-23 23:49:30.839871	14	1	general
3	2025-11-24	2	2025-11-23 23:54:26.560948	15	1	general
2	2025-11-24	2	2025-11-23 23:56:03.075198	16	1	general
2	2025-11-25	2	2025-11-24 00:00:27.864625	17	1	general
3	2025-11-25	4	2025-11-24 00:00:35.844772	18	1	general
2	2025-11-25	3	2025-11-24 00:00:46.94499	19	1	general
2	2025-11-25	3	2025-11-24 00:37:26.127378	20	1	general
2	2025-11-25	3	2025-11-24 00:42:00.517845	21	1	general
3	2025-11-25	5	2025-11-24 00:42:17.424186	22	1	general
2	2025-11-26	2	2025-11-25 14:50:38.373362	23	1	general
3	2025-11-26	5	2025-11-25 14:50:59.482039	24	1	general
1	2025-11-26	5	2025-11-25 14:51:49.264194	25	1	general
\.


--
-- Data for Name: users; Type: TABLE DATA; Schema: public; Owner: elif
--

COPY public.users (created_at, id, email, name, password) FROM stdin;
2025-11-23 23:33:45.730107	1	test@trueguiders.com	Gezgin	123456
\.


--
-- Name: cities_id_seq; Type: SEQUENCE SET; Schema: public; Owner: elif
--

SELECT pg_catalog.setval('public.cities_id_seq', 5, true);


--
-- Name: places_id_seq; Type: SEQUENCE SET; Schema: public; Owner: elif
--

SELECT pg_catalog.setval('public.places_id_seq', 44, true);


--
-- Name: plan_items_id_seq; Type: SEQUENCE SET; Schema: public; Owner: elif
--

SELECT pg_catalog.setval('public.plan_items_id_seq', 167, true);


--
-- Name: reviews_id_seq; Type: SEQUENCE SET; Schema: public; Owner: elif
--

SELECT pg_catalog.setval('public.reviews_id_seq', 1, false);


--
-- Name: travel_plans_id_seq; Type: SEQUENCE SET; Schema: public; Owner: elif
--

SELECT pg_catalog.setval('public.travel_plans_id_seq', 25, true);


--
-- Name: users_id_seq; Type: SEQUENCE SET; Schema: public; Owner: elif
--

SELECT pg_catalog.setval('public.users_id_seq', 1, true);


--
-- Name: cities cities_name_key; Type: CONSTRAINT; Schema: public; Owner: elif
--

ALTER TABLE ONLY public.cities
    ADD CONSTRAINT cities_name_key UNIQUE (name);


--
-- Name: cities cities_pkey; Type: CONSTRAINT; Schema: public; Owner: elif
--

ALTER TABLE ONLY public.cities
    ADD CONSTRAINT cities_pkey PRIMARY KEY (id);


--
-- Name: places places_pkey; Type: CONSTRAINT; Schema: public; Owner: elif
--

ALTER TABLE ONLY public.places
    ADD CONSTRAINT places_pkey PRIMARY KEY (id);


--
-- Name: plan_items plan_items_pkey; Type: CONSTRAINT; Schema: public; Owner: elif
--

ALTER TABLE ONLY public.plan_items
    ADD CONSTRAINT plan_items_pkey PRIMARY KEY (id);


--
-- Name: reviews reviews_pkey; Type: CONSTRAINT; Schema: public; Owner: elif
--

ALTER TABLE ONLY public.reviews
    ADD CONSTRAINT reviews_pkey PRIMARY KEY (id);


--
-- Name: travel_plans travel_plans_pkey; Type: CONSTRAINT; Schema: public; Owner: elif
--

ALTER TABLE ONLY public.travel_plans
    ADD CONSTRAINT travel_plans_pkey PRIMARY KEY (id);


--
-- Name: users users_email_key; Type: CONSTRAINT; Schema: public; Owner: elif
--

ALTER TABLE ONLY public.users
    ADD CONSTRAINT users_email_key UNIQUE (email);


--
-- Name: users users_pkey; Type: CONSTRAINT; Schema: public; Owner: elif
--

ALTER TABLE ONLY public.users
    ADD CONSTRAINT users_pkey PRIMARY KEY (id);


--
-- Name: reviews fkcgy7qjc1r99dp117y9en6lxye; Type: FK CONSTRAINT; Schema: public; Owner: elif
--

ALTER TABLE ONLY public.reviews
    ADD CONSTRAINT fkcgy7qjc1r99dp117y9en6lxye FOREIGN KEY (user_id) REFERENCES public.users(id);


--
-- Name: reviews fkcnnkvk0h9vrih5xqxef7sv2r6; Type: FK CONSTRAINT; Schema: public; Owner: elif
--

ALTER TABLE ONLY public.reviews
    ADD CONSTRAINT fkcnnkvk0h9vrih5xqxef7sv2r6 FOREIGN KEY (place_id) REFERENCES public.places(id);


--
-- Name: travel_plans fkcrjs284yfv4ah48l3rp21fld0; Type: FK CONSTRAINT; Schema: public; Owner: elif
--

ALTER TABLE ONLY public.travel_plans
    ADD CONSTRAINT fkcrjs284yfv4ah48l3rp21fld0 FOREIGN KEY (user_id) REFERENCES public.users(id);


--
-- Name: plan_items fkf0spj6bhaob393nfggxym6c38; Type: FK CONSTRAINT; Schema: public; Owner: elif
--

ALTER TABLE ONLY public.plan_items
    ADD CONSTRAINT fkf0spj6bhaob393nfggxym6c38 FOREIGN KEY (travel_plan_id) REFERENCES public.travel_plans(id);


--
-- Name: plan_items fkga7guqd0aymjovyrvpss2ux8v; Type: FK CONSTRAINT; Schema: public; Owner: elif
--

ALTER TABLE ONLY public.plan_items
    ADD CONSTRAINT fkga7guqd0aymjovyrvpss2ux8v FOREIGN KEY (place_id) REFERENCES public.places(id);


--
-- Name: places fkn1di3fddbxax9y45on6hj2gue; Type: FK CONSTRAINT; Schema: public; Owner: elif
--

ALTER TABLE ONLY public.places
    ADD CONSTRAINT fkn1di3fddbxax9y45on6hj2gue FOREIGN KEY (city_id) REFERENCES public.cities(id);


--
-- Name: travel_plans fkq9eidprxdi7slg1cgwm1e4tpw; Type: FK CONSTRAINT; Schema: public; Owner: elif
--

ALTER TABLE ONLY public.travel_plans
    ADD CONSTRAINT fkq9eidprxdi7slg1cgwm1e4tpw FOREIGN KEY (city_id) REFERENCES public.cities(id);


--
-- PostgreSQL database dump complete
--

\unrestrict vctLrsZdF3DjKsF1pzO0nnXt1YNgZo2PWm8qA8HhATgiSifnAvUljE9eTdPhwnK

